"","PartID"
"1","1300"
"2","1301"
"3","4543"
"4","4738"
"5","4743"
"6","4745"
"7","4767"
"8","4835"
"9","5013"
"10","5023"
"11","5028"
"12","5035"
"13","5039"
"14","5062"
"15","5082"
"16","5115"
"17","5133"
"18","5136"
"19","5141"
"20","5145"
"21","5153"
"22","5160"
"23","5166"
"24","5168"
"25","5173"
"26","5174"
"27","5185"
"28","5223"
"29","5238"
"30","5256"
"31","5261"
"32","5265"
"33","5285"
"34","5290"
"35","5312"
"36","5345"
"37","5349"
"38","5402"
"39","5406"
"40","5412"
"41","5413"
"42","5428"
"43","6003"
"44","6102"
"45","ABCD_1702"
"46","ABCD_1703"
"47","ABCD_1704"
"48","ABCD_1705"
"49","ABCD_1706"
"50","ABCD_1708"
"51","ABCD_1709"
"52","ABCD_1710"
"53","ABCD_1711"
"54","ABCD_1714"
"55","ABCD_1716"
"56","ABCD_1718"
"57","ABCD_1720"
"58","ABCD_1721"
"59","ABCD_1722"
"60","ABCD_1724"
"61","ABCD_1725"
"62","ABCD_1726"
"63","ABCD_1727"
"64","ABCD_1728"
"65","ABCD_1729"
"66","ABCD_1730"
"67","ABCD_1732"
"68","ABCD_1734"
"69","ABCD_1735"
"70","ABCD_1736"
"71","ABCD_1739"
"72","ABCD_1740"
"73","ABCD_1742"
"74","ABCD_1745"
"75","ABCD_1747"
"76","ABCD_1749"
"77","ABCD_1751"
"78","ABCD_1752"
"79","ABCD_1753"
"80","ABCD_1754"
"81","ABCD_1756"
"82","ABCD_1758"
"83","ABCD_1760"
"84","ABCD_1763"
"85","ABCD_1764"
"86","ABCD_1767"
"87","ABCD_1768"
"88","ABCD_1774"
"89","ABCD_1778"
"90","ABCD_1782"
"91","ABCD_1783"
"92","ABCD_1784"
"93","ABCD_1786"
"94","ABCD_1788"
"95","ABCD_1790"
"96","ABCD_1792"
"97","ABCD_1794"
"98","ABCD_1795"
"99","ABCD_1798"
"100","READ_4150"
"101","READ_4521"
"102","READ_6001"
"103","READ_6101"
"104","READER_001"
"105","READER_003"
"106","READER_005"
"107","READER_007"
"108","READER_010"
"109","READER_011"
"110","READER_017"
"111","READER_018"
"112","READER_019"
